Nombre,Apellido,Edad,Email,Ciudad,Pa√≠s
Ashley,Weaver,23,loganlloyd@white.com,Lake Nancyborough,Bouvet Island (Bouvetoya)
David,Nicholson,80,kevinbarnes@stephens.biz,Zavalachester,Lesotho
Michelle,Hunt,33,sstone@hotmail.com,East Josephberg,Guernsey
Ryan,Johnson,32,stevenwest@hernandez-schmidt.biz,West Emma,Togo
Nicole,Lopez,57,tiffanyterry@hotmail.com,South Isaacchester,Gibraltar
Michael,Williams,73,oyoung@gmail.com,Hoganchester,Wallis and Futuna
Alicia,Jones,42,acole@yahoo.com,North April,Albania
Shelby,Carpenter,32,ferrelldaniel@jimenez.com,Thomasshire,South Africa
Colin,Johnson,59,kimberly18@mccarthy-clay.com,South Robertmouth,Haiti
Kathryn,Miller,22,douglas37@marquez-rodriguez.com,Lake Michellestad,Comoros
Andrew,Sanders,45,melissafreeman@mills.biz,Lake Sarahland,Azerbaijan
David,Lawrence,31,fmarshall@hotmail.com,West Nicholas,Lithuania
Anthony,Gomez,27,ereese@yahoo.com,Crawfordstad,Haiti
Jennifer,Green,57,beckymullins@davis.com,Stevenburgh,Brunei Darussalam
Jason,Martinez,79,patricia81@yahoo.com,Melissastad,Malaysia
Stephanie,Thomas,24,garciadawn@mccormick.com,Lake Carlfurt,Vietnam
Alexandria,Smith,33,gregory68@hotmail.com,West Misty,Kazakhstan
Robert,Carey,46,mossmichelle@yahoo.com,Bobbyberg,Argentina
Kimberly,Ballard,58,wmartinez@gmail.com,Port Andrewton,United States Virgin Islands
Thomas,Salazar,49,robertperez@cain-simpson.com,North Jesse,Paraguay
Alex,Rodgers,34,brittney47@johnson.com,New Cynthiaberg,Greece
Jeremy,Lee,65,reillyshelley@yahoo.com,Bullockview,El Salvador
Lori,Walsh,35,berryjenna@yahoo.com,North Gail,Guinea-Bissau
Robert,Serrano,37,jbrooks@oliver.info,Bergborough,Czech Republic
Russell,Horn,18,castanedacarl@lawson-lutz.com,West Fred,Greece
Stephen,Lewis,75,qsmith@hotmail.com,North Kathleenstad,Nicaragua
Kathleen,Mcgee,26,ecastaneda@tran.com,Kimberg,Ireland
Greg,Hobbs,37,linalexa@gmail.com,Lake Jessicafurt,Equatorial Guinea
Christine,Patterson,42,jeromebrowning@king.com,Hernandezberg,Micronesia
Gregory,Ewing,22,yhoward@thompson-vance.org,Deleonshire,Nauru
Kyle,Cole,63,sweeneyjeffrey@irwin.com,Port Justinland,Argentina
Taylor,Johns,42,odonovan@gmail.com,Lindaview,Liberia
Ashley,Nichols,80,jennifer81@arnold-campbell.org,Allenmouth,Cameroon
Kristy,Hoover,64,tbrown@hotmail.com,West Tony,Thailand
Michael,Hurley,58,catherinemays@hobbs.com,Williamsborough,Puerto Rico
Ellen,Mccoy,72,wgillespie@miller.biz,Denisemouth,Montserrat
Gabriel,Gonzales,40,dennis63@hotmail.com,North Katherine,Bolivia
Carol,Taylor,76,juliemeyer@best.org,Lake Williamtown,Lesotho
Matthew,Martinez,62,qbaker@white.com,Shaneland,Iceland
Ricky,Robinson,42,richardsonjennifer@yahoo.com,Kathleenberg,Tunisia
Crystal,Collins,22,adamowen@gmail.com,West Samanthaport,Guyana
Thomas,Grimes,38,gibsonolivia@wilkins-berry.com,New Bradley,Svalbard & Jan Mayen Islands
Donald,Grant,65,olivereric@ryan.com,North Sara,Poland
Linda,Cameron,78,kendraanderson@gmail.com,East Jonathan,Korea
Debra,Barker,58,adkinscraig@green-peterson.com,Port Katherineport,Austria
Lisa,Murphy,31,michaelmendoza@gmail.com,Port Tammy,Kazakhstan
Nathan,Rodriguez,34,shawnabird@martin.info,East Brian,Poland
Richard,Hill,58,colemanadrian@hotmail.com,Andersonshire,Indonesia
Dawn,Farley,67,brian23@hotmail.com,Stoutport,Marshall Islands
Amy,Delgado,26,katherine70@wood.org,Tristanburgh,Cape Verde
Shawn,Miller,44,angelasantiago@yahoo.com,Joshuaville,Ghana
Cole,Mccoy,38,christinawu@hotmail.com,Brittanyville,Uganda
William,Weaver,74,ramosthomas@yahoo.com,Fitzgeraldmouth,Saudi Arabia
Scott,Santos,65,rodrigueztammy@thomas-castillo.biz,Jamesland,Bahrain
Jon,Rodriguez,80,daniel87@yahoo.com,East Ashley,Saint Lucia
Elizabeth,Martin,19,curtisburke@gmail.com,West Alexandrabury,Turkey
Troy,Ross,19,kelly63@ruiz-kim.com,Christopherberg,Syrian Arab Republic
Daniel,Horton,46,fosterthomas@harris.com,Wellsberg,Guernsey
Ronald,Wilson,55,clarkmarcus@alvarez-miller.com,Aaronstad,Benin
Stephen,Hamilton,36,jhaynes@yahoo.com,Parkermouth,American Samoa
Megan,Thomas,47,jennifer26@morales.biz,Gregoryview,Cambodia
Jesse,Hicks,21,stantonmichele@hotmail.com,East Laurenstad,Falkland Islands (Malvinas)
Robert,Conley,37,shannonstark@yahoo.com,South Krista,Bhutan
Mark,Young,18,christina77@gmail.com,West Angel,Thailand
Kenneth,Morales,73,johnnyreynolds@riley.com,North Spencerchester,Bouvet Island (Bouvetoya)
George,Collins,65,kimcook@hotmail.com,Port Benjamin,New Zealand
Anna,Smith,38,sophiapowell@shepherd.com,Michaelton,Hong Kong
David,Tran,21,sburnett@yahoo.com,Aaronport,Bosnia and Herzegovina
Matthew,Reese,52,ehicks@hotmail.com,Port Jason,Marshall Islands
Courtney,Bryant,47,wdillon@yahoo.com,Johnview,Jamaica
Elizabeth,Goodwin,52,xgonzales@hotmail.com,Port Roger,Eritrea
Tyler,Castaneda,79,kserrano@gonzalez.com,Loriland,Saint Vincent and the Grenadines
Jennifer,Wiley,76,beth35@yahoo.com,Adamstown,Tunisia
Keith,French,30,rodneygonzales@brown.com,New Robin,Syrian Arab Republic
Emma,Sellers,29,shari04@sawyer.com,Jonathanshire,Burkina Faso
Casey,Vasquez,47,denisemiller@gmail.com,Johnsonport,Oman
Carrie,Pham,66,markdillon@fields.org,East Marcside,Costa Rica
William,Schmitt,24,virginiawheeler@brown-robbins.com,New Brandonville,Singapore
Michael,Miller,54,rodriguezsamuel@hotmail.com,Port Sylvia,Moldova
Adrienne,Arroyo,67,nancylozano@johnson.info,Alanburgh,Holy See (Vatican City State)
Claire,Martinez,25,drogers@yahoo.com,East Juliaburgh,Netherlands
Shannon,Nguyen,72,thomaspatrick@payne-pope.biz,Michealmouth,Finland
Paul,Murphy,80,juanbrooks@yahoo.com,Smithtown,Congo
David,Baker,77,ghamilton@yahoo.com,East Kristi,Moldova
Louis,Bishop,37,andreaadkins@gmail.com,New Cody,Netherlands Antilles
Ronald,Mitchell,80,davidlamb@summers.net,New Christopher,Italy
Daniel,Holmes,65,charris@moore.com,West Ashley,Antarctica (the territory South of 60 deg S)
Melanie,Ray,61,kathleen99@pruitt.com,Johnside,British Virgin Islands
Chad,Thompson,71,dominic24@rodriguez.com,Lake Thomas,Cocos (Keeling) Islands
Raven,Palmer,35,ahill@frazier.biz,Joseport,Austria
Ronald,Larson,37,thomaskayla@edwards.biz,Kevinville,Dominica
Stephanie,Carter,19,ustanley@phelps-adams.info,Pattersonburgh,Greece
Jessica,Cox,49,wanderson@hotmail.com,Wellsmouth,Cuba
Melissa,Martin,77,reyesrobert@berg.info,South Alberthaven,Switzerland
Christina,Hayes,56,crosssonya@castro.info,Pittsport,Chile
Michael,Spencer,35,egarcia@yahoo.com,South Elizabethhaven,El Salvador
Sara,Tapia,56,wisekimberly@yahoo.com,East Anthonyport,United States Virgin Islands
George,Rodriguez,57,murphytheresa@hotmail.com,East Darrenport,El Salvador
Mary,Morgan,48,vwells@norton-cisneros.com,Richardmouth,Czech Republic
Samantha,Johnson,37,carlsonaaron@hotmail.com,Lake Bonnie,Martinique
